<?xml version="1.0" encoding="utf-8" ?>
<dwsync>
<file name="PDF-icon.jpg" server="C:/xampp/" local="129792603097773545" remote="129792603090000000" />
<file name="IAS_RADIUS_Client.jpg" server="C:/xampp/" local="129760531534094030" remote="129760531530000000" />
<file name="IAS_RADIUS_Policy.jpg" server="C:/xampp/" local="129760531608497482" remote="129760531600000000" />
<file name="IAS_Policy_Config_4.jpg" server="C:/xampp/" local="129854620358944872" remote="129854620350000000" />
<file name="IAS_Policy_Config_5.jpg" server="C:/xampp/" local="129854619855604872" remote="129854619850000000" />
<file name="IAS_Advanced_Attributes_Class_2.jpg" server="C:/xampp/" local="129854603670620185" remote="129854603670000000" />
<file name="IAS_Advanced_Attributes_Class_4.jpg" server="C:/xampp/" local="129854605925915692" remote="129854605920000000" />
<file name="management_radius.jpg" server="C:/xampp/" local="129760531659514063" remote="129760531650000000" />
<file name="management_radius2.jpg" server="C:/xampp/" local="129760531702029964" remote="129760531700000000" />
<file name="management_radius3.jpg" server="C:/xampp/" local="129760531738770403" remote="129760531730000000" />
<file name="Wireless_network_connections_dialogbox.jpg" server="C:/xampp/" local="129854619073884872" remote="129854619070000000" />
<file name="Wireless_networks_to_access.jpg" server="C:/xampp/" local="129854618954454872" remote="129854618950000000" />
<file name="client_dynamictkip.jpg" server="C:/xampp/" local="129854604334236540" remote="129854604330000000" />
<file name="Wireless_network_authentication.jpg" server="C:/xampp/" local="129854619191794872" remote="129854619190000000" />
<file name="Wireless_protected_EAP_Props.jpg" server="C:/xampp/" local="129854618602894872" remote="129854618600000000" />
<file name="Wireless_Protected_EAP_Props2.jpg" server="C:/xampp/" local="129854618477444872" remote="129854618470000000" />
</dwsync>