<?xml version="1.0" encoding="utf-8" ?>
<dwsync>
<file name="treeview-default.gif" server="C:/xampp/" local="128469188500000000" remote="128469188500000000" />
<file name="treeview-default-line.gif" server="C:/xampp/" local="128469188500000000" remote="128469188500000000" />
<file name="treeview-red-line.gif" server="C:/xampp/" local="128469188500000000" remote="128469188500000000" />
<file name="treeview-red.gif" server="C:/xampp/" local="128469188500000000" remote="128469188500000000" />
<file name="treeview-black-line.gif" server="C:/xampp/" local="128469188500000000" remote="128469188500000000" />
<file name="treeview-black.gif" server="C:/xampp/" local="128469188500000000" remote="128469188500000000" />
<file name="treeview-gray-line.gif" server="C:/xampp/" local="128469188500000000" remote="128469188500000000" />
<file name="treeview-gray.gif" server="C:/xampp/" local="128469188500000000" remote="128469188500000000" />
<file name="treeview-famfamfam-line.gif" server="C:/xampp/" local="128469188500000000" remote="128469188500000000" />
<file name="treeview-famfamfam.gif" server="C:/xampp/" local="128469188500000000" remote="128469188500000000" />
<file name="folder.gif" server="C:/xampp/" local="128469188500000000" remote="128469188500000000" />
<file name="folder-closed.gif" server="C:/xampp/" local="128469188500000000" remote="128469188500000000" />
<file name="file.gif" server="C:/xampp/" local="128469188500000000" remote="128469188500000000" />
</dwsync>